ID, Name, Point1-1, Point1-2, Point2, Point3, AvengerPoint 
1,  binh, 5.0, 6.0, 3.0, 5.0, 4.571428571428571
2, binh, 3.0, 4.0, 5.0, 3.0, 3.7142857142857144
